Edad,Sexo,Trabajo,Vivienda,Cuenta_Ahorro,Cuenta_Corriente,Monto_Credito,Periodo_Meses,Tipo,Resultado
67,0,calificados,propia,NA,bajo,1169,6,radio/TV,1
22,1,calificados,propia,bajo,medio,5951,48,radio/TV,0
49,0,no_calificados_residentes,propia,bajo,NA,2096,12,educacion,1
45,0,calificados,familiar,bajo,bajo,7882,42,mobiliario,1
53,0,calificados,familiar,bajo,bajo,4870,24,automotriz,0
35,0,no_calificados_residentes,familiar,NA,NA,9055,36,educacion,1
53,0,calificados,propia,muy_alto,NA,2835,24,mobiliario,1
35,0,altamente_calificados,rentada,bajo,medio,6948,36,automotriz,1
61,0,no_calificados_residentes,propia,alto,NA,3059,12,radio/TV,1
28,0,altamente_calificados,propia,bajo,medio,5234,30,automotriz,0
25,1,calificados,rentada,bajo,medio,1295,12,automotriz,0
24,1,calificados,rentada,bajo,bajo,4308,48,trabajo,0
22,1,calificados,propia,bajo,medio,1567,12,radio/TV,1
60,0,no_calificados_residentes,propia,bajo,bajo,1199,24,automotriz,0
28,1,calificados,rentada,bajo,bajo,1403,15,automotriz,1
32,1,no_calificados_residentes,propia,intermedio,bajo,1282,24,radio/TV,0
53,0,calificados,propia,NA,NA,2424,24,radio/TV,1
25,0,calificados,propia,NA,bajo,8072,30,trabajo,1
44,1,altamente_calificados,familiar,bajo,medio,12579,24,automotriz,0
31,0,calificados,propia,muy_alto,NA,3430,24,radio/TV,1
48,0,calificados,propia,bajo,NA,2134,9,automotriz,1
44,0,calificados,rentada,muy_alto,bajo,2647,6,radio/TV,1
48,0,no_calificados_residentes,rentada,bajo,bajo,2241,10,automotriz,1
44,0,calificados,propia,intermedio,medio,1804,12,automotriz,1
26,0,calificados,propia,NA,NA,2069,10,mobiliario,1
36,0,no_calificados_residentes,propia,bajo,bajo,1374,6,mobiliario,1
39,0,no_calificados_residentes,propia,bajo,NA,426,6,radio/TV,1
42,1,calificados,rentada,alto,alto,409,12,radio/TV,1
34,0,calificados,propia,bajo,medio,2415,7,radio/TV,1
63,0,calificados,propia,bajo,bajo,6836,60,trabajo,0
36,0,calificados,propia,alto,medio,1913,18,trabajo,1
27,0,calificados,propia,bajo,bajo,4020,24,mobiliario,1
30,0,calificados,propia,intermedio,medio,5866,18,automotriz,1
57,0,no_calificados_residentes,rentada,NA,NA,1264,12,trabajo,1
33,1,altamente_calificados,propia,bajo,alto,1474,12,mobiliario,1
25,0,no_calificados_residentes,propia,bajo,medio,4746,45,radio/TV,0
31,0,calificados,familiar,bajo,NA,6110,48,educacion,1
37,0,calificados,propia,bajo,alto,2100,18,radio/TV,0
37,0,calificados,propia,bajo,alto,1225,10,uso_domestico,1
24,0,calificados,propia,bajo,medio,458,9,radio/TV,1
30,0,altamente_calificados,propia,muy_alto,NA,2333,30,radio/TV,1
26,0,calificados,propia,muy_alto,medio,1158,12,radio/TV,1
44,0,no_calificados_residentes,propia,bajo,medio,6204,18,reparaciones,1
24,0,calificados,rentada,intermedio,bajo,6187,30,automotriz,1
58,1,no_calificados_residentes,familiar,bajo,bajo,6143,48,automotriz,0
35,1,altamente_calificados,propia,bajo,NA,1393,11,automotriz,1
39,0,calificados,propia,muy_alto,NA,2299,36,radio/TV,1
23,1,no_calificados_no_residentes,rentada,muy_alto,bajo,1352,6,automotriz,1
39,0,no_calificados_residentes,propia,bajo,NA,7228,11,automotriz,1
28,1,calificados,propia,intermedio,NA,2073,12,radio/TV,1
29,0,no_calificados_residentes,propia,NA,medio,2333,24,mobiliario,1
30,0,altamente_calificados,propia,bajo,medio,5965,27,automotriz,1
25,0,calificados,propia,bajo,NA,1262,12,radio/TV,1
31,0,calificados,propia,NA,NA,3378,18,automotriz,1
57,0,calificados,familiar,bajo,medio,2225,36,automotriz,0
26,0,no_calificados_residentes,propia,NA,NA,783,6,automotriz,1
52,0,altamente_calificados,propia,NA,medio,6468,12,radio/TV,0
31,1,calificados,propia,bajo,NA,9566,36,radio/TV,1
23,1,altamente_calificados,propia,bajo,alto,1961,18,automotriz,1
23,1,no_calificados_residentes,rentada,bajo,bajo,6229,36,mobiliario,0
27,0,calificados,propia,bajo,medio,1391,9,trabajo,1
50,0,calificados,propia,NA,medio,1537,15,radio/TV,1
61,0,altamente_calificados,familiar,bajo,medio,1953,36,trabajo,0
25,0,calificados,propia,bajo,medio,14421,48,trabajo,0
26,1,calificados,propia,bajo,NA,3181,24,radio/TV,1
48,0,calificados,propia,NA,NA,5190,27,reparaciones,1
29,1,calificados,propia,bajo,NA,2171,12,radio/TV,1
22,0,calificados,propia,alto,medio,1007,12,automotriz,1
37,0,calificados,familiar,bajo,NA,1819,36,educacion,0
25,1,calificados,propia,NA,NA,2394,36,radio/TV,1
30,1,calificados,propia,bajo,NA,8133,36,automotriz,1
46,0,no_calificados_residentes,rentada,NA,NA,730,7,radio/TV,1
51,0,altamente_calificados,familiar,bajo,bajo,1164,8,vacaciones,1
41,1,no_calificados_residentes,propia,bajo,medio,5954,42,trabajo,1
40,0,altamente_calificados,propia,NA,bajo,1977,36,educacion,0
66,0,altamente_calificados,familiar,bajo,bajo,1526,12,automotriz,1
34,0,calificados,propia,bajo,bajo,3965,42,radio/TV,0
51,0,calificados,propia,bajo,medio,4771,11,radio/TV,1
39,0,no_calificados_residentes,propia,NA,NA,9436,54,automotriz,1
22,0,calificados,propia,bajo,medio,3832,30,mobiliario,1
44,1,calificados,propia,NA,NA,5943,24,radio/TV,0
47,0,calificados,propia,muy_alto,NA,1213,15,radio/TV,1
24,1,no_calificados_residentes,rentada,intermedio,NA,1568,18,trabajo,1
58,1,no_calificados_residentes,propia,bajo,bajo,1755,24,vacaciones,1
52,0,no_calificados_residentes,propia,bajo,bajo,2315,10,radio/TV,1
29,1,altamente_calificados,propia,bajo,NA,1412,12,trabajo,1
27,1,calificados,propia,bajo,medio,1295,18,mobiliario,1
47,0,calificados,familiar,intermedio,medio,12612,36,educacion,0
30,0,altamente_calificados,propia,intermedio,bajo,2249,18,automotriz,1
28,0,calificados,propia,bajo,bajo,1108,12,reparaciones,0
56,0,calificados,propia,bajo,NA,618,12,radio/TV,1
54,0,calificados,propia,bajo,bajo,1409,12,automotriz,1
33,1,no_calificados_residentes,propia,NA,NA,797,12,radio/TV,0
20,0,calificados,rentada,NA,alto,3617,24,mobiliario,1
54,0,calificados,propia,alto,medio,1318,12,automotriz,1
58,0,calificados,rentada,bajo,medio,15945,54,trabajo,0
61,1,calificados,propia,NA,NA,2012,12,educacion,1
34,0,calificados,propia,intermedio,medio,2622,18,trabajo,1
36,0,calificados,propia,bajo,medio,2337,36,radio/TV,1
36,0,altamente_calificados,rentada,NA,medio,7057,20,automotriz,1
41,0,no_calificados_residentes,rentada,intermedio,NA,1469,24,automotriz,1
24,0,calificados,rentada,bajo,medio,2323,36,radio/TV,1
24,1,calificados,propia,bajo,NA,932,6,radio/TV,1
35,0,calificados,rentada,bajo,medio,1919,9,mobiliario,1
26,0,calificados,rentada,NA,NA,2445,12,automotriz,1
39,0,altamente_calificados,propia,bajo,medio,11938,24,vacaciones,0
39,0,altamente_calificados,propia,bajo,NA,6458,18,automotriz,0
32,0,calificados,propia,bajo,medio,6078,12,automotriz,1
30,1,calificados,propia,NA,bajo,7721,24,mobiliario,1
35,0,calificados,propia,muy_alto,medio,1410,14,trabajo,1
31,0,calificados,propia,intermedio,medio,1449,6,trabajo,1
23,1,calificados,rentada,bajo,alto,392,15,educacion,1
28,0,no_calificados_residentes,rentada,bajo,medio,6260,18,automotriz,1
25,1,calificados,propia,bajo,NA,7855,36,automotriz,0
35,0,calificados,propia,muy_alto,bajo,1680,12,radio/TV,1
47,0,calificados,propia,NA,NA,3578,48,radio/TV,1
30,1,altamente_calificados,propia,NA,bajo,7174,42,radio/TV,0
27,1,calificados,rentada,NA,bajo,2132,10,mobiliario,1
23,1,calificados,propia,muy_alto,bajo,4281,33,mobiliario,0
36,0,altamente_calificados,propia,muy_alto,medio,2366,12,automotriz,1
25,1,calificados,propia,bajo,bajo,1835,21,radio/TV,0
41,1,altamente_calificados,rentada,bajo,NA,3868,24,automotriz,1
24,0,no_calificados_residentes,rentada,bajo,NA,1768,12,mobiliario,1
63,0,calificados,familiar,bajo,alto,781,10,automotriz,1
27,1,calificados,rentada,NA,medio,1924,18,mobiliario,0
30,0,calificados,propia,bajo,bajo,2121,12,automotriz,1
40,0,no_calificados_residentes,propia,bajo,bajo,701,12,radio/TV,1
30,0,calificados,propia,bajo,medio,639,12,reparaciones,0
34,0,altamente_calificados,propia,bajo,medio,1860,12,automotriz,1
29,1,calificados,propia,bajo,bajo,3499,12,automotriz,0
24,1,calificados,propia,NA,medio,8487,48,automotriz,1
29,0,calificados,propia,bajo,bajo,6887,36,educacion,0
27,0,no_calificados_residentes,propia,bajo,NA,2708,15,mobiliario,1
47,0,calificados,familiar,bajo,NA,1984,18,mobiliario,1
21,1,calificados,propia,intermedio,NA,10144,60,radio/TV,1
38,1,calificados,propia,NA,NA,1240,12,radio/TV,1
27,0,calificados,propia,alto,NA,8613,27,automotriz,1
66,0,no_calificados_residentes,propia,muy_alto,medio,766,12,radio/TV,0
35,0,calificados,propia,NA,medio,2728,15,radio/TV,1
44,1,no_calificados_residentes,rentada,bajo,alto,1881,12,radio/TV,1
27,0,no_calificados_no_residentes,propia,alto,alto,709,6,automotriz,1
30,1,altamente_calificados,propia,bajo,medio,4795,36,radio/TV,1
27,0,altamente_calificados,propia,bajo,bajo,3416,27,radio/TV,1
22,0,calificados,propia,bajo,bajo,2462,18,mobiliario,0
23,1,calificados,propia,bajo,NA,2288,21,mobiliario,1
30,0,calificados,propia,intermedio,medio,3566,48,trabajo,1
39,1,calificados,propia,bajo,bajo,860,6,automotriz,1
51,1,calificados,propia,intermedio,NA,682,12,automotriz,1
28,0,calificados,propia,bajo,bajo,5371,36,mobiliario,1
46,0,calificados,propia,alto,NA,1582,18,radio/TV,1
42,0,calificados,familiar,intermedio,NA,1346,6,radio/TV,1
38,0,calificados,propia,bajo,NA,1924,10,radio/TV,1
24,0,calificados,propia,bajo,alto,5848,36,radio/TV,1
29,1,calificados,rentada,alto,medio,7758,24,automotriz,1
36,0,altamente_calificados,rentada,intermedio,medio,6967,24,trabajo,1
20,1,calificados,rentada,bajo,bajo,1282,12,mobiliario,0
48,0,calificados,propia,intermedio,bajo,1288,9,reparaciones,1
45,0,no_calificados_residentes,propia,bajo,bajo,339,12,educacion,1
38,0,calificados,propia,intermedio,medio,3512,24,automotriz,1
34,0,no_calificados_residentes,propia,NA,NA,1898,6,radio/TV,1
36,0,calificados,propia,intermedio,NA,2872,24,radio/TV,1
30,1,calificados,propia,bajo,NA,1055,18,automotriz,1
36,0,calificados,propia,muy_alto,NA,1262,15,uso_domestico,1
70,0,altamente_calificados,familiar,bajo,medio,7308,10,automotriz,1
36,0,calificados,propia,muy_alto,NA,909,36,automotriz,1
32,0,calificados,propia,muy_alto,NA,2978,6,mobiliario,1
33,1,calificados,propia,bajo,bajo,1131,18,mobiliario,0
20,1,calificados,propia,alto,medio,1577,11,mobiliario,1
25,1,calificados,rentada,bajo,NA,3972,24,mobiliario,1
31,0,calificados,propia,bajo,medio,1935,24,trabajo,0
33,0,calificados,rentada,bajo,bajo,950,15,automotriz,0
26,1,calificados,propia,bajo,NA,763,12,mobiliario,1
34,1,altamente_calificados,propia,bajo,medio,2064,24,mobiliario,0
33,0,calificados,propia,bajo,medio,1414,8,radio/TV,1
26,0,calificados,propia,bajo,bajo,3414,21,educacion,0
53,1,altamente_calificados,propia,NA,NA,7485,30,automotriz,0
42,0,calificados,propia,bajo,bajo,2577,12,mobiliario,1
52,0,calificados,propia,muy_alto,bajo,338,6,radio/TV,1
31,0,altamente_calificados,rentada,bajo,NA,1963,12,radio/TV,1
65,0,calificados,propia,bajo,bajo,571,21,automotriz,1
28,0,calificados,propia,bajo,NA,9572,36,trabajo,0
30,0,altamente_calificados,propia,bajo,medio,4455,36,trabajo,0
40,0,no_calificados_residentes,propia,NA,bajo,1647,21,automotriz,0
50,0,calificados,propia,alto,NA,3777,24,mobiliario,1
36,0,calificados,propia,bajo,medio,884,18,automotriz,0
31,0,calificados,propia,bajo,NA,1360,15,radio/TV,1
74,1,altamente_calificados,familiar,bajo,medio,5129,9,automotriz,0
68,0,no_calificados_no_residentes,familiar,bajo,medio,1175,16,automotriz,1
20,0,calificados,propia,intermedio,bajo,674,12,radio/TV,0
33,1,calificados,propia,bajo,medio,3244,18,mobiliario,1
54,0,altamente_calificados,propia,alto,NA,4591,24,trabajo,0
34,0,no_calificados_residentes,familiar,intermedio,medio,3844,48,trabajo,0
36,0,calificados,propia,bajo,medio,3915,27,trabajo,0
29,0,calificados,rentada,bajo,NA,2108,6,radio/TV,1
21,0,calificados,rentada,intermedio,medio,3031,45,radio/TV,0
34,1,altamente_calificados,propia,bajo,medio,1501,9,educacion,0
28,1,calificados,propia,bajo,NA,1382,6,radio/TV,1
27,1,calificados,rentada,intermedio,medio,951,12,mobiliario,0
36,0,calificados,familiar,NA,medio,2760,24,automotriz,1
40,0,altamente_calificados,propia,bajo,medio,4297,18,mobiliario,0
52,0,calificados,propia,muy_alto,NA,936,9,educacion,1
27,0,no_calificados_residentes,propia,bajo,bajo,1168,12,automotriz,1
26,0,calificados,propia,bajo,NA,5117,27,trabajo,1
21,0,calificados,rentada,bajo,bajo,902,12,educacion,0
38,0,no_calificados_residentes,propia,bajo,NA,1495,12,automotriz,1
38,0,altamente_calificados,familiar,bajo,bajo,10623,30,automotriz,1
43,0,calificados,propia,bajo,NA,1935,12,mobiliario,1
26,0,calificados,propia,bajo,medio,1424,12,uso_domestico,1
21,0,no_calificados_residentes,propia,bajo,bajo,6568,24,trabajo,1
55,0,calificados,propia,alto,NA,1413,12,automotriz,1
33,0,calificados,propia,NA,NA,3074,9,radio/TV,1
45,1,no_calificados_residentes,propia,NA,NA,3835,36,radio/TV,1
50,0,calificados,propia,bajo,bajo,5293,27,trabajo,0
66,0,altamente_calificados,propia,bajo,alto,1908,30,trabajo,0
51,0,calificados,propia,NA,NA,3342,36,radio/TV,1
39,1,no_calificados_residentes,propia,NA,medio,932,6,educacion,1
31,0,calificados,propia,bajo,bajo,3104,18,trabajo,1
23,0,calificados,propia,bajo,alto,3913,36,radio/TV,1
24,0,no_calificados_residentes,rentada,bajo,bajo,3021,24,mobiliario,1
64,1,calificados,propia,bajo,NA,1364,10,automotriz,1
26,0,no_calificados_residentes,propia,bajo,medio,625,12,radio/TV,1
23,1,calificados,rentada,NA,bajo,1200,12,educacion,1
30,0,calificados,propia,bajo,NA,707,12,radio/TV,1
32,0,calificados,propia,NA,NA,2978,24,trabajo,1
30,0,calificados,propia,bajo,NA,4657,15,automotriz,1
27,0,calificados,propia,bajo,NA,2613,36,reparaciones,1
27,0,calificados,propia,alto,medio,10961,48,radio/TV,0
53,0,altamente_calificados,familiar,bajo,bajo,7865,12,mobiliario,0
22,0,calificados,propia,bajo,NA,1478,9,radio/TV,0
22,0,calificados,familiar,bajo,bajo,3149,24,mobiliario,1
26,0,calificados,propia,bajo,alto,4210,36,radio/TV,0
51,0,no_calificados_residentes,familiar,muy_alto,NA,2507,9,automotriz,1
35,0,calificados,propia,intermedio,NA,2141,12,radio/TV,1
25,0,no_calificados_residentes,propia,bajo,medio,866,18,radio/TV,1
42,0,no_calificados_residentes,propia,bajo,NA,1544,4,radio/TV,1
30,0,altamente_calificados,propia,bajo,bajo,1823,24,radio/TV,0
23,0,no_calificados_no_residentes,propia,NA,medio,14555,6,automotriz,0
61,0,no_calificados_residentes,rentada,intermedio,medio,2767,21,trabajo,0
35,1,calificados,propia,bajo,NA,1291,12,radio/TV,1
39,0,calificados,propia,bajo,bajo,2522,30,radio/TV,1
29,1,calificados,propia,NA,bajo,915,24,automotriz,0
51,0,calificados,propia,bajo,NA,1595,6,radio/TV,1
24,0,calificados,familiar,bajo,bajo,4605,48,automotriz,0
27,1,calificados,propia,bajo,NA,1185,12,trabajo,1
35,1,no_calificados_residentes,propia,muy_alto,NA,3447,12,educacion,1
25,0,calificados,propia,bajo,NA,1258,24,trabajo,1
52,0,calificados,propia,bajo,NA,717,12,radio/TV,1
35,0,calificados,rentada,intermedio,NA,1204,6,automotriz,1
26,0,calificados,propia,bajo,alto,1925,24,mobiliario,1
22,1,calificados,rentada,bajo,NA,433,18,radio/TV,0
39,1,no_calificados_residentes,propia,alto,bajo,666,6,automotriz,1
46,1,no_calificados_residentes,propia,bajo,alto,2251,12,mobiliario,1
24,1,calificados,propia,bajo,medio,2150,30,automotriz,0
35,0,calificados,propia,intermedio,NA,4151,24,mobiliario,1
24,0,calificados,propia,NA,medio,2030,9,mobiliario,1
27,0,no_calificados_residentes,propia,NA,medio,7418,60,radio/TV,1
35,0,no_calificados_residentes,propia,bajo,NA,2684,24,radio/TV,1
29,0,calificados,familiar,bajo,bajo,2149,12,radio/TV,0
23,1,calificados,propia,intermedio,NA,3812,15,automotriz,1
57,1,no_calificados_residentes,propia,intermedio,NA,1154,11,radio/TV,1
27,0,calificados,propia,bajo,bajo,1657,12,mobiliario,1
55,1,calificados,propia,bajo,bajo,1603,24,radio/TV,1
36,0,altamente_calificados,familiar,bajo,bajo,5302,18,automotriz,1
57,1,no_calificados_residentes,familiar,bajo,NA,2748,12,educacion,1
32,0,no_calificados_residentes,propia,bajo,NA,1231,10,automotriz,1
37,0,calificados,propia,bajo,medio,802,15,radio/TV,0
36,0,calificados,propia,NA,NA,6304,36,trabajo,1
38,1,calificados,propia,bajo,NA,1533,24,radio/TV,1
45,0,altamente_calificados,propia,bajo,bajo,8978,14,automotriz,0
25,0,calificados,propia,NA,NA,999,24,radio/TV,1
32,0,calificados,propia,NA,NA,2662,18,automotriz,1
37,1,calificados,rentada,muy_alto,NA,1402,12,mobiliario,1
36,0,altamente_calificados,familiar,NA,medio,12169,48,automotriz,1
28,0,calificados,propia,bajo,medio,3060,48,radio/TV,0
34,0,no_calificados_residentes,propia,bajo,bajo,11998,30,reparaciones,0
32,0,calificados,propia,bajo,NA,2697,9,radio/TV,1
26,1,calificados,propia,bajo,NA,2404,18,radio/TV,1
49,0,no_calificados_residentes,propia,NA,bajo,1262,12,mobiliario,1
32,1,calificados,propia,bajo,NA,4611,6,mobiliario,0
29,0,altamente_calificados,rentada,intermedio,NA,1901,24,radio/TV,1
23,0,calificados,rentada,alto,NA,3368,15,automotriz,1
50,0,calificados,propia,bajo,NA,1574,12,mobiliario,1
49,0,no_calificados_residentes,propia,NA,alto,1445,18,radio/TV,1
63,0,calificados,propia,NA,NA,1520,15,mobiliario,1
37,0,calificados,propia,intermedio,medio,3878,24,automotriz,1
35,1,no_calificados_residentes,propia,bajo,bajo,10722,47,automotriz,1
26,0,calificados,propia,bajo,bajo,4788,48,automotriz,1
31,0,altamente_calificados,familiar,intermedio,medio,7582,48,vacaciones,1
49,1,calificados,propia,bajo,medio,1092,12,radio/TV,1
48,0,calificados,propia,bajo,bajo,1024,24,radio/TV,0
26,0,calificados,propia,bajo,NA,1076,12,trabajo,1
28,0,altamente_calificados,rentada,bajo,medio,9398,36,automotriz,0
44,1,altamente_calificados,familiar,bajo,bajo,6419,24,automotriz,1
56,0,calificados,familiar,bajo,alto,4796,42,automotriz,1
46,0,altamente_calificados,propia,NA,NA,7629,48,trabajo,1
26,1,calificados,propia,bajo,medio,9960,48,mobiliario,0
20,1,calificados,rentada,NA,NA,4675,12,automotriz,1
45,0,no_calificados_residentes,propia,NA,NA,1287,10,automotriz,1
43,0,calificados,propia,bajo,NA,2515,18,mobiliario,1
32,0,calificados,propia,alto,medio,2745,21,mobiliario,1
54,1,no_calificados_no_residentes,propia,bajo,NA,672,6,automotriz,1
42,1,calificados,propia,bajo,medio,3804,36,radio/TV,0
37,0,no_calificados_residentes,propia,NA,alto,1344,24,automotriz,0
49,0,calificados,propia,bajo,bajo,1038,10,automotriz,1
44,0,calificados,familiar,muy_alto,NA,10127,48,automotriz,0
33,0,calificados,propia,alto,NA,1543,6,mobiliario,1
24,1,no_calificados_residentes,rentada,NA,NA,4811,30,automotriz,1
33,0,no_calificados_residentes,propia,intermedio,bajo,727,12,radio/TV,0
24,1,calificados,propia,bajo,medio,1237,8,mobiliario,0
22,0,no_calificados_residentes,rentada,bajo,medio,276,9,automotriz,1
40,0,no_calificados_no_residentes,familiar,NA,medio,5381,48,vacaciones,1
25,0,calificados,propia,intermedio,NA,5511,24,mobiliario,1
26,1,calificados,propia,bajo,alto,3749,24,mobiliario,1
25,0,no_calificados_residentes,propia,bajo,medio,685,12,automotriz,0
29,0,no_calificados_residentes,propia,NA,alto,1494,4,automotriz,1
31,0,calificados,propia,bajo,bajo,2746,36,mobiliario,0
38,0,no_calificados_residentes,propia,bajo,bajo,708,12,mobiliario,1
48,1,no_calificados_residentes,propia,NA,medio,4351,24,mobiliario,1
32,0,calificados,propia,bajo,NA,701,12,educacion,1
27,1,no_calificados_residentes,propia,bajo,bajo,3643,15,mobiliario,1
28,0,altamente_calificados,propia,bajo,medio,4249,30,automotriz,0
32,0,calificados,propia,bajo,bajo,1938,24,radio/TV,0
34,0,altamente_calificados,familiar,bajo,bajo,2910,24,automotriz,1
28,0,calificados,propia,alto,bajo,2659,18,mobiliario,1
36,1,calificados,propia,bajo,NA,1028,18,automotriz,1
39,0,no_calificados_residentes,propia,bajo,bajo,3398,8,automotriz,1
49,0,calificados,rentada,NA,NA,5801,12,mobiliario,1
34,1,calificados,propia,alto,NA,1525,24,automotriz,1
31,0,calificados,propia,bajo,alto,4473,36,radio/TV,1
28,0,calificados,propia,bajo,medio,1068,6,radio/TV,1
75,0,altamente_calificados,familiar,bajo,bajo,6615,24,automotriz,1
30,1,calificados,propia,intermedio,NA,1864,18,educacion,0
24,1,altamente_calificados,propia,intermedio,medio,7408,60,automotriz,0
24,1,no_calificados_residentes,rentada,intermedio,NA,11590,48,automotriz,0
23,0,calificados,rentada,bajo,bajo,4110,24,mobiliario,0
44,0,altamente_calificados,rentada,bajo,bajo,3384,6,mobiliario,0
23,1,no_calificados_residentes,propia,bajo,medio,2101,13,radio/TV,1
24,1,calificados,rentada,NA,bajo,1275,15,uso_domestico,0
28,0,calificados,propia,bajo,bajo,4169,24,mobiliario,1
31,0,no_calificados_residentes,propia,bajo,medio,1521,10,mobiliario,1
24,1,calificados,familiar,bajo,medio,5743,24,educacion,1
26,1,no_calificados_residentes,rentada,bajo,bajo,3599,21,mobiliario,1
25,0,calificados,rentada,muy_alto,medio,3213,18,radio/TV,1
33,0,altamente_calificados,propia,bajo,medio,4439,18,trabajo,1
37,0,no_calificados_residentes,propia,bajo,alto,3949,10,automotriz,1
43,1,no_calificados_residentes,propia,bajo,NA,1459,15,radio/TV,1
23,0,calificados,propia,bajo,medio,882,13,radio/TV,1
23,1,no_calificados_no_residentes,rentada,muy_alto,medio,3758,24,radio/TV,1
34,0,no_calificados_residentes,propia,intermedio,NA,1743,6,trabajo,1
32,0,calificados,familiar,alto,medio,1136,9,educacion,0
23,1,calificados,rentada,bajo,NA,1236,9,uso_domestico,1
29,1,calificados,propia,bajo,medio,959,9,mobiliario,0
38,0,altamente_calificados,propia,NA,NA,3229,18,automotriz,1
28,0,calificados,rentada,bajo,bajo,6199,12,radio/TV,0
46,0,calificados,familiar,muy_alto,NA,727,10,educacion,1
23,0,no_calificados_residentes,propia,bajo,medio,1246,24,automotriz,0
49,0,calificados,propia,NA,NA,2331,12,radio/TV,1
26,0,altamente_calificados,propia,bajo,NA,4463,36,radio/TV,0
28,0,calificados,propia,bajo,NA,776,12,radio/TV,1
23,1,calificados,rentada,bajo,bajo,2406,30,mobiliario,0
61,0,calificados,familiar,NA,medio,1239,18,educacion,1
37,0,altamente_calificados,propia,NA,alto,3399,12,radio/TV,1
36,1,calificados,propia,bajo,alto,2247,12,automotriz,1
21,0,calificados,rentada,bajo,NA,1766,6,mobiliario,1
25,0,no_calificados_no_residentes,propia,bajo,bajo,2473,18,mobiliario,0
36,0,calificados,propia,bajo,NA,1542,12,trabajo,1
27,0,calificados,propia,bajo,NA,3850,18,automotriz,1
22,1,calificados,rentada,bajo,bajo,3650,18,mobiliario,1
42,0,calificados,propia,bajo,bajo,3446,36,mobiliario,0
40,1,calificados,rentada,bajo,medio,3001,18,mobiliario,1
36,0,calificados,propia,NA,NA,3079,36,automotriz,1
33,0,calificados,propia,bajo,NA,6070,18,radio/TV,1
23,1,calificados,rentada,bajo,NA,2146,10,mobiliario,1
63,0,altamente_calificados,familiar,NA,NA,13756,60,automotriz,1
60,1,altamente_calificados,familiar,intermedio,medio,14782,60,vacaciones,0
37,1,calificados,rentada,bajo,bajo,7685,48,trabajo,0
34,0,calificados,propia,bajo,NA,2320,18,radio/TV,1
36,0,calificados,familiar,NA,NA,846,7,radio/TV,1
57,0,altamente_calificados,familiar,bajo,medio,14318,36,automotriz,0
52,1,no_calificados_residentes,propia,intermedio,NA,362,6,automotriz,1
39,0,calificados,propia,NA,bajo,2212,20,mobiliario,1
38,1,altamente_calificados,familiar,bajo,medio,12976,18,automotriz,0
25,1,calificados,rentada,NA,NA,1283,22,automotriz,1
26,0,calificados,propia,bajo,alto,1330,12,automotriz,1
26,0,no_calificados_residentes,propia,intermedio,NA,4272,30,trabajo,1
25,1,calificados,propia,bajo,NA,2238,18,radio/TV,1
21,1,calificados,rentada,NA,NA,1126,18,radio/TV,1
40,0,altamente_calificados,propia,bajo,medio,7374,18,mobiliario,1
27,0,calificados,propia,muy_alto,medio,2326,15,trabajo,1
27,1,calificados,propia,bajo,NA,1449,9,trabajo,1
30,0,altamente_calificados,propia,bajo,NA,1820,18,automotriz,1
19,1,no_calificados_residentes,rentada,alto,medio,983,12,mobiliario,1
39,0,altamente_calificados,familiar,bajo,bajo,3249,36,automotriz,1
31,1,calificados,propia,bajo,bajo,1957,6,radio/TV,1
31,0,altamente_calificados,propia,bajo,NA,2406,9,mobiliario,1
32,0,calificados,rentada,intermedio,medio,11760,39,educacion,1
55,1,altamente_calificados,familiar,bajo,bajo,2578,12,mobiliario,1
46,0,calificados,propia,bajo,bajo,2348,36,mobiliario,1
46,0,calificados,rentada,bajo,medio,1223,12,automotriz,0
43,1,no_calificados_residentes,propia,alto,NA,1516,24,radio/TV,1
39,0,calificados,propia,bajo,NA,1473,18,radio/TV,1
28,0,calificados,propia,NA,medio,1887,18,trabajo,1
27,0,calificados,propia,bajo,NA,8648,24,trabajo,0
27,0,no_calificados_residentes,propia,bajo,NA,802,14,automotriz,1
43,0,calificados,propia,NA,medio,2899,18,automotriz,1
22,0,calificados,propia,bajo,medio,2039,24,radio/TV,0
43,0,calificados,propia,NA,NA,2197,24,automotriz,1
27,0,calificados,propia,bajo,bajo,1053,15,radio/TV,1
26,0,altamente_calificados,propia,muy_alto,NA,3235,24,radio/TV,1
28,0,calificados,propia,muy_alto,alto,939,12,automotriz,0
20,1,calificados,propia,bajo,medio,1967,24,radio/TV,1
35,0,altamente_calificados,propia,bajo,NA,7253,33,automotriz,1
42,0,altamente_calificados,propia,bajo,NA,2292,12,trabajo,0
40,0,no_calificados_residentes,rentada,muy_alto,NA,1597,10,automotriz,1
35,1,calificados,propia,NA,bajo,1381,24,automotriz,0
35,0,calificados,propia,bajo,NA,5842,36,automotriz,1
33,0,no_calificados_residentes,propia,bajo,bajo,2579,12,automotriz,0
23,1,calificados,rentada,NA,bajo,8471,18,educacion,1
31,1,altamente_calificados,propia,muy_alto,NA,2782,21,automotriz,1
33,1,calificados,propia,NA,medio,1042,18,automotriz,0
20,1,calificados,rentada,alto,NA,3186,15,automotriz,1
30,0,calificados,propia,NA,medio,2028,12,automotriz,1
47,0,no_calificados_residentes,propia,bajo,medio,958,12,automotriz,1
34,0,altamente_calificados,propia,intermedio,NA,1591,21,mobiliario,1
25,1,calificados,propia,NA,medio,2762,12,mobiliario,0
21,0,calificados,rentada,bajo,medio,2779,18,automotriz,1
29,0,calificados,propia,bajo,NA,2743,28,radio/TV,1
46,0,calificados,propia,alto,NA,1149,18,radio/TV,1
20,0,calificados,propia,bajo,NA,1313,9,mobiliario,1
55,1,no_calificados_no_residentes,familiar,bajo,bajo,1190,18,reparaciones,0
74,0,no_calificados_residentes,propia,bajo,NA,3448,5,trabajo,1
29,0,altamente_calificados,propia,bajo,medio,11328,24,vacaciones,0
36,0,altamente_calificados,familiar,bajo,bajo,1872,6,mobiliario,1
33,0,calificados,propia,bajo,NA,2058,24,reparaciones,1
25,0,calificados,propia,bajo,bajo,2136,9,mobiliario,1
25,0,calificados,propia,NA,medio,1484,12,radio/TV,0
23,0,no_calificados_residentes,rentada,muy_alto,NA,660,6,reparaciones,1
37,1,calificados,propia,alto,NA,1287,24,automotriz,1
65,0,no_calificados_no_residentes,propia,bajo,bajo,3394,42,reparaciones,1
26,1,no_calificados_no_residentes,propia,bajo,alto,609,12,trabajo,0
39,0,altamente_calificados,propia,bajo,NA,1884,12,automotriz,1
30,1,calificados,propia,bajo,bajo,1620,12,mobiliario,1
29,0,calificados,propia,bajo,medio,2629,20,vacaciones,1
41,0,no_calificados_residentes,propia,bajo,NA,719,12,educacion,0
30,1,altamente_calificados,propia,bajo,medio,5096,48,mobiliario,0
41,1,no_calificados_residentes,rentada,NA,NA,1244,9,educacion,1
34,1,calificados,propia,bajo,bajo,1842,36,automotriz,0
35,0,calificados,propia,bajo,medio,2576,7,radio/TV,1
55,1,altamente_calificados,propia,NA,alto,1424,12,mobiliario,1
61,0,calificados,propia,alto,medio,1512,15,reparaciones,0
30,0,altamente_calificados,propia,NA,NA,11054,36,automotriz,1
29,1,calificados,propia,bajo,NA,518,6,radio/TV,1
34,0,calificados,propia,bajo,NA,2759,12,mobiliario,1
35,0,altamente_calificados,propia,bajo,NA,2670,24,automotriz,1
31,0,calificados,propia,bajo,bajo,4817,24,automotriz,0
29,1,altamente_calificados,propia,bajo,NA,2679,24,automotriz,1
36,0,calificados,rentada,bajo,bajo,3905,11,automotriz,1
35,0,calificados,familiar,bajo,bajo,3386,12,automotriz,0
27,1,calificados,propia,bajo,bajo,343,6,uso_domestico,1
32,0,calificados,propia,bajo,NA,4594,18,radio/TV,1
37,0,calificados,propia,bajo,bajo,3620,36,mobiliario,1
36,0,calificados,propia,bajo,bajo,1721,15,automotriz,1
34,1,altamente_calificados,rentada,bajo,medio,3017,12,mobiliario,1
38,0,calificados,propia,NA,medio,754,12,educacion,1
34,0,calificados,propia,bajo,NA,1950,18,trabajo,1
63,0,calificados,propia,bajo,bajo,2924,24,automotriz,1
29,1,no_calificados_residentes,rentada,bajo,bajo,1659,24,radio/TV,0
32,0,calificados,propia,NA,NA,7238,48,radio/TV,1
26,1,calificados,propia,bajo,NA,2764,33,trabajo,1
35,0,no_calificados_residentes,propia,bajo,NA,4679,24,automotriz,1
22,0,calificados,rentada,intermedio,medio,3092,24,radio/TV,0
23,1,calificados,propia,bajo,bajo,448,6,educacion,0
28,0,no_calificados_residentes,propia,bajo,bajo,654,9,automotriz,0
36,0,altamente_calificados,propia,NA,NA,1238,6,educacion,1
33,0,calificados,propia,bajo,medio,1245,18,radio/TV,0
26,1,calificados,rentada,bajo,bajo,3114,18,mobiliario,0
24,0,calificados,propia,muy_alto,NA,2569,39,automotriz,1
25,0,calificados,propia,bajo,alto,5152,24,radio/TV,1
39,0,no_calificados_residentes,propia,intermedio,medio,1037,12,trabajo,1
44,0,calificados,propia,bajo,bajo,1478,15,mobiliario,1
23,1,no_calificados_residentes,propia,bajo,medio,3573,12,radio/TV,1
26,0,calificados,propia,bajo,medio,1201,24,automotriz,1
57,1,calificados,rentada,alto,bajo,3622,30,mobiliario,1
30,1,calificados,propia,alto,NA,960,15,mobiliario,1
44,0,calificados,propia,muy_alto,NA,1163,12,automotriz,1
47,0,altamente_calificados,propia,bajo,medio,1209,6,automotriz,0
52,0,calificados,propia,bajo,NA,3077,12,radio/TV,1
62,1,calificados,familiar,bajo,NA,3757,24,automotriz,1
35,0,no_calificados_residentes,rentada,intermedio,NA,1418,10,automotriz,1
26,0,calificados,rentada,bajo,NA,3518,6,automotriz,1
26,0,calificados,propia,bajo,NA,1934,12,radio/TV,1
42,1,altamente_calificados,familiar,bajo,medio,8318,27,trabajo,0
27,1,calificados,propia,intermedio,NA,1237,6,radio/TV,1
38,0,calificados,propia,NA,medio,368,6,radio/TV,1
39,0,no_calificados_residentes,rentada,bajo,bajo,2122,12,automotriz,1
20,0,calificados,propia,NA,bajo,2996,24,mobiliario,0
29,0,altamente_calificados,rentada,intermedio,medio,9034,36,mobiliario,0
40,0,calificados,propia,bajo,NA,1585,24,mobiliario,1
32,0,no_calificados_residentes,propia,bajo,medio,1301,18,radio/TV,1
28,0,calificados,propia,intermedio,alto,1323,6,automotriz,1
27,1,calificados,propia,bajo,bajo,3123,24,automotriz,0
42,0,calificados,familiar,bajo,bajo,5493,36,automotriz,1
49,0,calificados,propia,intermedio,alto,1126,9,radio/TV,1
38,0,calificados,propia,intermedio,medio,1216,24,radio/TV,0
24,1,calificados,rentada,bajo,bajo,1207,24,automotriz,0
27,0,no_calificados_residentes,propia,NA,NA,1309,10,automotriz,0
36,0,calificados,propia,muy_alto,alto,2360,15,automotriz,1
34,0,altamente_calificados,propia,intermedio,medio,6850,15,automotriz,0
28,0,calificados,propia,bajo,NA,1413,24,radio/TV,1
45,0,altamente_calificados,propia,intermedio,NA,8588,39,automotriz,1
26,0,calificados,propia,bajo,bajo,759,12,automotriz,0
32,0,altamente_calificados,familiar,bajo,NA,4686,36,automotriz,1
26,0,calificados,rentada,bajo,alto,2687,15,trabajo,1
20,0,calificados,rentada,bajo,medio,585,12,radio/TV,1
54,0,calificados,propia,NA,NA,2255,24,automotriz,1
37,1,calificados,propia,bajo,bajo,609,6,automotriz,1
40,0,no_calificados_residentes,propia,bajo,bajo,1361,6,automotriz,1
23,1,calificados,rentada,bajo,NA,7127,36,mobiliario,0
43,0,calificados,propia,intermedio,bajo,1203,6,automotriz,1
36,0,calificados,familiar,NA,NA,700,6,radio/TV,1
44,0,calificados,familiar,bajo,NA,5507,24,reparaciones,1
24,1,calificados,propia,bajo,bajo,3190,18,radio/TV,0
53,0,calificados,familiar,bajo,bajo,7119,48,mobiliario,0
23,1,calificados,propia,intermedio,NA,3488,24,automotriz,1
26,1,no_calificados_residentes,propia,bajo,medio,1113,18,radio/TV,1
30,0,calificados,propia,bajo,medio,7966,26,automotriz,1
31,1,calificados,propia,intermedio,NA,1532,15,educacion,1
42,0,no_calificados_residentes,propia,bajo,NA,1503,4,radio/TV,1
31,0,calificados,rentada,bajo,bajo,2302,36,radio/TV,0
41,0,no_calificados_residentes,propia,bajo,bajo,662,6,automotriz,1
32,0,calificados,propia,bajo,medio,2273,36,educacion,1
28,1,calificados,rentada,intermedio,medio,2631,15,automotriz,0
41,0,calificados,rentada,bajo,NA,1503,12,automotriz,1
26,0,calificados,propia,intermedio,NA,1311,24,radio/TV,1
25,0,calificados,propia,NA,NA,3105,24,radio/TV,1
33,0,calificados,rentada,bajo,alto,2319,21,educacion,0
75,1,altamente_calificados,propia,NA,bajo,1374,6,automotriz,1
37,1,calificados,propia,bajo,medio,3612,18,mobiliario,1
42,0,altamente_calificados,familiar,bajo,bajo,7763,48,automotriz,0
45,1,no_calificados_residentes,propia,bajo,alto,3049,18,mobiliario,1
23,0,calificados,rentada,bajo,medio,1534,12,radio/TV,0
60,0,calificados,familiar,bajo,NA,2032,24,automotriz,1
31,0,calificados,propia,NA,bajo,6350,30,mobiliario,0
34,0,no_calificados_residentes,propia,bajo,alto,2864,18,mobiliario,0
61,0,no_calificados_residentes,propia,bajo,NA,1255,12,automotriz,1
43,0,calificados,familiar,bajo,bajo,1333,24,automotriz,0
37,1,calificados,propia,bajo,NA,2022,24,automotriz,1
32,0,calificados,propia,bajo,NA,1552,24,radio/TV,1
24,1,no_calificados_residentes,propia,bajo,bajo,626,12,radio/TV,0
35,0,calificados,familiar,NA,NA,8858,48,automotriz,1
23,1,calificados,propia,NA,NA,996,12,reparaciones,1
45,0,no_calificados_residentes,propia,muy_alto,NA,1750,6,radio/TV,1
34,0,calificados,propia,bajo,bajo,6999,48,radio/TV,0
27,0,calificados,propia,intermedio,medio,1995,12,automotriz,1
67,1,altamente_calificados,propia,bajo,medio,1199,9,educacion,1
22,0,calificados,propia,bajo,medio,1331,12,radio/TV,0
28,1,calificados,propia,intermedio,medio,2278,18,automotriz,0
29,1,calificados,propia,NA,NA,5003,21,automotriz,0
27,0,calificados,propia,bajo,bajo,3552,24,mobiliario,0
31,0,no_calificados_residentes,propia,bajo,medio,1928,18,mobiliario,0
49,0,calificados,familiar,NA,bajo,2964,24,automotriz,1
24,0,no_calificados_residentes,rentada,bajo,bajo,1546,24,radio/TV,0
29,1,calificados,propia,bajo,alto,683,6,radio/TV,1
37,0,calificados,familiar,NA,medio,12389,36,automotriz,0
37,0,altamente_calificados,propia,NA,medio,4712,24,trabajo,1
23,1,calificados,rentada,intermedio,medio,1553,24,radio/TV,1
36,0,calificados,propia,bajo,bajo,1372,12,automotriz,0
34,0,calificados,propia,alto,NA,2578,24,radio/TV,1
41,0,calificados,propia,NA,medio,3979,48,radio/TV,1
31,1,calificados,propia,bajo,bajo,6758,48,radio/TV,0
23,1,no_calificados_residentes,rentada,bajo,bajo,3234,24,mobiliario,0
38,0,calificados,propia,bajo,NA,5954,30,radio/TV,1
26,1,altamente_calificados,rentada,NA,NA,5433,24,automotriz,1
22,1,no_calificados_residentes,propia,bajo,bajo,806,15,trabajo,1
27,0,no_calificados_residentes,propia,bajo,medio,1082,9,radio/TV,1
24,1,calificados,propia,bajo,NA,2788,15,mobiliario,1
27,1,calificados,propia,bajo,medio,2930,12,radio/TV,1
33,1,calificados,propia,NA,NA,1927,24,educacion,1
27,0,calificados,propia,bajo,medio,2820,36,automotriz,0
27,0,no_calificados_residentes,propia,bajo,NA,937,24,educacion,1
30,0,calificados,propia,bajo,medio,1056,18,automotriz,0
49,0,no_calificados_residentes,propia,bajo,medio,3124,12,automotriz,1
26,1,calificados,rentada,bajo,NA,1388,9,mobiliario,1
33,0,no_calificados_residentes,rentada,bajo,medio,2384,36,reparaciones,0
52,1,altamente_calificados,familiar,NA,NA,2133,12,automotriz,1
20,1,calificados,rentada,bajo,bajo,2039,18,mobiliario,0
36,0,calificados,rentada,bajo,bajo,2799,9,automotriz,1
21,0,no_calificados_residentes,propia,bajo,bajo,1289,12,mobiliario,1
47,0,no_calificados_residentes,propia,bajo,bajo,1217,18,uso_domestico,0
60,0,calificados,propia,bajo,bajo,2246,12,mobiliario,0
58,1,no_calificados_residentes,propia,bajo,bajo,385,12,radio/TV,1
42,1,calificados,rentada,NA,medio,1965,24,automotriz,1
36,1,no_calificados_residentes,propia,alto,NA,1572,21,trabajo,1
20,1,no_calificados_residentes,rentada,bajo,medio,2718,24,automotriz,0
40,0,altamente_calificados,propia,NA,bajo,1358,24,vacaciones,0
32,1,no_calificados_residentes,propia,intermedio,medio,931,6,automotriz,0
23,1,calificados,rentada,bajo,bajo,1442,24,automotriz,0
36,0,no_calificados_residentes,propia,bajo,medio,4241,24,trabajo,0
31,0,calificados,propia,bajo,NA,2775,18,automotriz,0
32,0,calificados,familiar,bajo,NA,3863,24,trabajo,1
45,1,calificados,propia,bajo,medio,2329,7,radio/TV,1
30,1,calificados,propia,bajo,medio,918,9,mobiliario,0
34,1,no_calificados_residentes,familiar,bajo,medio,1837,24,educacion,0
28,1,altamente_calificados,propia,bajo,NA,3349,36,mobiliario,0
23,1,calificados,propia,bajo,alto,1275,10,mobiliario,1
22,0,calificados,propia,muy_alto,bajo,2828,24,mobiliario,1
74,0,altamente_calificados,propia,bajo,NA,4526,24,trabajo,1
50,1,calificados,familiar,intermedio,medio,2671,36,radio/TV,0
33,0,calificados,propia,bajo,NA,2051,18,radio/TV,1
45,0,calificados,familiar,NA,NA,1300,15,automotriz,1
22,1,calificados,propia,intermedio,bajo,741,12,uso_domestico,0
48,1,no_calificados_residentes,familiar,intermedio,alto,1240,10,automotriz,0
29,1,calificados,propia,alto,bajo,3357,21,radio/TV,1
22,1,calificados,rentada,bajo,bajo,3632,24,automotriz,1
22,1,calificados,propia,bajo,NA,1808,18,mobiliario,0
48,0,altamente_calificados,propia,NA,medio,12204,48,trabajo,1
27,0,altamente_calificados,familiar,NA,medio,9157,60,radio/TV,1
37,0,calificados,rentada,bajo,bajo,3676,6,automotriz,1
21,1,calificados,rentada,intermedio,medio,3441,30,mobiliario,0
49,0,no_calificados_residentes,propia,bajo,NA,640,12,automotriz,1
27,0,calificados,propia,bajo,medio,3652,21,trabajo,1
32,0,calificados,propia,bajo,NA,1530,18,automotriz,0
38,0,calificados,propia,NA,NA,3914,48,trabajo,0
22,1,calificados,rentada,bajo,bajo,1858,12,mobiliario,1
65,0,calificados,familiar,bajo,bajo,2600,18,radio/TV,0
35,0,calificados,propia,NA,NA,1979,15,radio/TV,1
41,0,calificados,propia,bajo,alto,2116,6,mobiliario,1
29,0,calificados,propia,intermedio,medio,1437,9,automotriz,0
36,0,calificados,propia,muy_alto,NA,4042,42,mobiliario,1
64,0,no_calificados_residentes,propia,NA,NA,3832,9,educacion,1
28,1,calificados,propia,bajo,bajo,3660,24,radio/TV,1
44,0,calificados,propia,bajo,bajo,1553,18,mobiliario,0
23,0,calificados,propia,NA,medio,1444,15,radio/TV,1
19,1,calificados,rentada,bajo,NA,1980,9,mobiliario,0
25,1,no_calificados_residentes,propia,bajo,medio,1355,24,automotriz,0
47,0,calificados,propia,bajo,NA,1393,12,educacion,1
28,1,calificados,propia,muy_alto,NA,1376,24,radio/TV,1
21,0,calificados,propia,bajo,NA,15653,60,radio/TV,1
34,1,calificados,propia,bajo,NA,1493,12,radio/TV,1
26,0,calificados,propia,bajo,bajo,4370,42,radio/TV,0
27,1,no_calificados_no_residentes,propia,bajo,bajo,750,18,educacion,0
38,0,no_calificados_residentes,propia,bajo,medio,1308,15,reparaciones,1
40,0,altamente_calificados,propia,intermedio,NA,4623,15,educacion,0
33,0,calificados,propia,bajo,NA,1851,24,radio/TV,1
32,0,altamente_calificados,propia,bajo,bajo,1880,18,radio/TV,1
27,0,calificados,rentada,NA,NA,7980,36,trabajo,0
32,0,calificados,propia,bajo,bajo,4583,30,mobiliario,1
26,1,calificados,propia,muy_alto,NA,1386,12,automotriz,0
38,0,calificados,familiar,bajo,alto,947,24,automotriz,0
40,0,no_calificados_residentes,rentada,bajo,bajo,684,12,educacion,0
50,0,altamente_calificados,familiar,bajo,bajo,7476,48,educacion,1
37,0,no_calificados_residentes,propia,bajo,medio,1922,12,mobiliario,0
45,0,calificados,propia,bajo,bajo,2303,24,automotriz,0
42,0,altamente_calificados,propia,intermedio,medio,8086,36,automotriz,0
35,0,calificados,propia,bajo,NA,2346,24,automotriz,1
22,0,calificados,familiar,bajo,bajo,3973,14,automotriz,1
41,0,no_calificados_residentes,propia,bajo,medio,888,12,automotriz,0
37,0,calificados,propia,NA,NA,10222,48,radio/TV,1
28,1,calificados,propia,bajo,medio,4221,30,trabajo,1
41,0,calificados,propia,bajo,medio,6361,18,mobiliario,1
23,0,calificados,rentada,bajo,alto,1297,12,radio/TV,1
23,0,calificados,propia,NA,bajo,900,12,automotriz,0
50,0,calificados,propia,bajo,NA,2241,21,mobiliario,1
35,0,altamente_calificados,propia,bajo,medio,1050,6,mobiliario,1
50,1,no_calificados_residentes,propia,bajo,alto,1047,6,educacion,1
27,0,altamente_calificados,propia,bajo,NA,6314,24,vacaciones,1
34,0,calificados,propia,alto,medio,3496,30,mobiliario,1
27,1,calificados,propia,bajo,NA,3609,48,trabajo,1
43,0,calificados,rentada,bajo,bajo,4843,12,automotriz,0
47,0,calificados,propia,bajo,alto,3017,30,radio/TV,1
27,0,no_calificados_residentes,propia,intermedio,NA,4139,24,trabajo,1
31,0,calificados,propia,intermedio,NA,5742,36,trabajo,1
42,0,altamente_calificados,propia,bajo,NA,10366,60,automotriz,1
24,0,calificados,propia,muy_alto,NA,2080,6,automotriz,1
41,0,no_calificados_residentes,propia,muy_alto,NA,2580,21,trabajo,0
26,1,altamente_calificados,rentada,bajo,NA,4530,30,radio/TV,1
33,0,calificados,propia,bajo,NA,5150,24,mobiliario,1
24,0,calificados,propia,intermedio,medio,5595,72,radio/TV,0
64,0,no_calificados_residentes,rentada,bajo,bajo,2384,24,radio/TV,1
26,1,calificados,propia,bajo,NA,1453,18,radio/TV,1
56,1,calificados,propia,bajo,NA,1538,6,educacion,1
37,0,calificados,familiar,NA,NA,2279,12,radio/TV,1
33,0,calificados,propia,bajo,NA,1478,15,radio/TV,1
47,0,calificados,familiar,bajo,NA,5103,24,radio/TV,1
31,0,no_calificados_residentes,propia,intermedio,medio,9857,36,trabajo,1
34,0,calificados,familiar,NA,NA,6527,60,automotriz,1
27,0,calificados,propia,NA,alto,1347,10,radio/TV,1
30,0,calificados,familiar,intermedio,medio,2862,36,automotriz,1
35,0,calificados,propia,intermedio,NA,2753,9,radio/TV,1
31,0,calificados,propia,alto,bajo,3651,12,automotriz,1
25,0,calificados,propia,bajo,bajo,975,15,mobiliario,1
25,1,no_calificados_residentes,propia,intermedio,medio,2631,15,reparaciones,1
29,0,calificados,propia,intermedio,medio,2896,24,radio/TV,1
44,0,no_calificados_residentes,propia,NA,bajo,4716,6,automotriz,1
28,0,calificados,propia,bajo,NA,2284,24,radio/TV,1
50,0,calificados,rentada,muy_alto,NA,1236,6,automotriz,1
29,0,calificados,propia,bajo,medio,1103,12,radio/TV,1
38,1,no_calificados_no_residentes,propia,bajo,NA,926,12,automotriz,1
24,0,calificados,propia,bajo,NA,1800,18,radio/TV,1
40,0,altamente_calificados,rentada,bajo,alto,1905,15,educacion,1
29,1,no_calificados_residentes,rentada,muy_alto,NA,1123,12,mobiliario,0
46,0,calificados,familiar,bajo,bajo,6331,48,automotriz,0
47,1,calificados,familiar,intermedio,alto,1377,24,radio/TV,1
41,0,calificados,propia,intermedio,medio,2503,30,trabajo,1
32,1,calificados,propia,bajo,medio,2528,27,trabajo,1
35,1,calificados,familiar,muy_alto,NA,5324,15,automotriz,1
24,0,calificados,propia,intermedio,medio,6560,48,automotriz,0
25,1,calificados,rentada,bajo,medio,2969,12,mobiliario,0
25,1,calificados,propia,bajo,medio,1206,9,radio/TV,1
37,0,no_calificados_residentes,propia,bajo,medio,2118,9,radio/TV,1
32,0,altamente_calificados,propia,muy_alto,NA,629,18,radio/TV,1
35,1,calificados,familiar,bajo,bajo,1198,6,educacion,0
46,0,altamente_calificados,propia,NA,NA,2476,21,automotriz,1
25,0,no_calificados_residentes,propia,bajo,bajo,1138,9,radio/TV,1
27,0,altamente_calificados,propia,bajo,medio,14027,60,automotriz,0
63,0,calificados,propia,NA,NA,7596,30,automotriz,1
40,0,calificados,propia,NA,NA,3077,30,radio/TV,1
32,0,altamente_calificados,familiar,bajo,NA,1505,18,radio/TV,1
31,0,calificados,propia,NA,alto,3148,24,radio/TV,1
31,0,calificados,propia,intermedio,medio,6148,20,automotriz,1
34,0,altamente_calificados,propia,bajo,alto,1337,9,radio/TV,0
24,1,calificados,rentada,alto,medio,433,6,educacion,0
24,1,no_calificados_residentes,propia,bajo,bajo,1228,12,automotriz,0
66,1,no_calificados_residentes,propia,muy_alto,medio,790,9,radio/TV,1
21,1,calificados,rentada,bajo,NA,2570,27,automotriz,0
41,1,no_calificados_residentes,propia,alto,NA,250,6,automotriz,1
47,0,no_calificados_residentes,propia,muy_alto,NA,1316,15,radio/TV,1
25,1,calificados,rentada,bajo,bajo,1882,18,radio/TV,0
59,1,calificados,rentada,bajo,medio,6416,48,trabajo,0
36,0,calificados,propia,alto,alto,1275,24,trabajo,1
33,0,calificados,propia,bajo,medio,6403,24,radio/TV,1
21,0,no_calificados_residentes,rentada,bajo,bajo,1987,24,radio/TV,0
44,1,no_calificados_residentes,propia,bajo,medio,760,8,radio/TV,1
28,1,calificados,rentada,alto,NA,2603,24,automotriz,1
37,1,calificados,propia,bajo,NA,3380,4,automotriz,1
29,1,no_calificados_no_residentes,propia,NA,medio,3990,36,uso_domestico,1
23,1,altamente_calificados,rentada,bajo,medio,11560,24,automotriz,0
35,0,no_calificados_residentes,propia,intermedio,bajo,4380,18,automotriz,1
45,0,altamente_calificados,propia,bajo,NA,6761,6,automotriz,1
26,1,no_calificados_residentes,rentada,intermedio,medio,4280,30,trabajo,0
32,0,calificados,propia,intermedio,bajo,2325,24,automotriz,1
23,0,no_calificados_residentes,propia,bajo,medio,1048,10,radio/TV,1
41,0,calificados,propia,NA,NA,3160,21,radio/TV,1
22,0,calificados,propia,muy_alto,bajo,2483,24,mobiliario,1
30,0,altamente_calificados,propia,NA,bajo,14179,39,mobiliario,1
28,0,no_calificados_residentes,propia,bajo,bajo,1797,13,trabajo,1
23,1,calificados,rentada,bajo,bajo,2511,15,automotriz,1
37,1,no_calificados_residentes,propia,bajo,bajo,1274,12,automotriz,0
26,0,calificados,propia,NA,NA,5248,21,automotriz,1
33,0,calificados,propia,bajo,NA,3029,15,automotriz,1
49,1,calificados,propia,bajo,bajo,428,6,mobiliario,1
23,1,no_calificados_residentes,propia,bajo,bajo,976,18,automotriz,0
23,1,no_calificados_residentes,rentada,intermedio,medio,841,12,trabajo,1
25,1,calificados,propia,bajo,NA,5771,30,radio/TV,1
55,0,calificados,familiar,alto,NA,1555,12,reparaciones,0
32,1,calificados,rentada,NA,bajo,1285,24,automotriz,0
74,0,no_calificados_no_residentes,propia,bajo,alto,1299,6,automotriz,1
39,0,calificados,familiar,NA,alto,1271,15,radio/TV,0
31,0,calificados,propia,bajo,NA,1393,24,automotriz,1
35,0,calificados,propia,bajo,bajo,691,12,automotriz,0
59,1,calificados,propia,NA,NA,5045,15,automotriz,1
24,1,calificados,rentada,bajo,bajo,2124,18,mobiliario,0
24,0,no_calificados_residentes,propia,bajo,bajo,2214,12,radio/TV,1
30,0,altamente_calificados,familiar,NA,NA,12680,21,automotriz,0
27,0,calificados,propia,intermedio,NA,2463,24,automotriz,1
40,0,no_calificados_residentes,propia,bajo,medio,1155,12,radio/TV,1
31,0,no_calificados_residentes,propia,bajo,bajo,3108,30,mobiliario,0
31,1,calificados,rentada,NA,NA,2901,10,automotriz,1
28,0,calificados,rentada,bajo,medio,3617,12,mobiliario,1
63,0,no_calificados_residentes,propia,bajo,NA,1655,12,radio/TV,1
26,1,calificados,rentada,NA,bajo,2812,24,automotriz,1
25,1,altamente_calificados,propia,bajo,bajo,8065,36,educacion,0
36,0,altamente_calificados,propia,bajo,NA,3275,21,automotriz,1
52,0,calificados,propia,intermedio,NA,2223,24,radio/TV,1
66,0,no_calificados_no_residentes,familiar,muy_alto,alto,1480,12,automotriz,1
25,1,calificados,rentada,NA,bajo,1371,24,automotriz,0
37,0,calificados,propia,bajo,NA,3535,36,automotriz,1
25,1,calificados,propia,bajo,bajo,3509,18,radio/TV,1
38,0,altamente_calificados,propia,alto,NA,5711,36,automotriz,1
67,1,calificados,propia,bajo,medio,3872,18,reparaciones,1
25,0,calificados,propia,bajo,medio,4933,39,radio/TV,0
60,0,calificados,propia,alto,NA,1940,24,automotriz,1
31,0,no_calificados_residentes,propia,bajo,medio,1410,12,educacion,1
23,1,no_calificados_residentes,propia,intermedio,medio,836,12,automotriz,0
60,0,altamente_calificados,propia,NA,medio,6468,20,automotriz,1
35,0,no_calificados_residentes,propia,alto,medio,1941,18,trabajo,1
40,0,calificados,propia,muy_alto,NA,2675,22,radio/TV,1
38,0,calificados,propia,NA,NA,2751,48,automotriz,1
50,0,calificados,familiar,bajo,medio,6224,48,educacion,0
27,0,calificados,propia,bajo,bajo,5998,40,educacion,0
39,1,calificados,propia,bajo,medio,1188,21,trabajo,0
41,0,altamente_calificados,propia,NA,NA,6313,24,automotriz,1
27,0,calificados,propia,NA,NA,1221,6,mobiliario,1
51,0,calificados,familiar,bajo,alto,2892,24,mobiliario,1
32,0,calificados,rentada,muy_alto,NA,3062,24,mobiliario,1
22,1,calificados,rentada,intermedio,NA,2301,9,mobiliario,1
51,0,calificados,familiar,NA,bajo,7511,18,automotriz,0
22,1,no_calificados_residentes,rentada,bajo,NA,1258,12,mobiliario,1
54,0,calificados,propia,NA,NA,717,24,automotriz,1
35,0,no_calificados_no_residentes,propia,NA,medio,1549,9,automotriz,1
54,0,calificados,familiar,bajo,NA,1597,24,educacion,1
48,1,no_calificados_residentes,rentada,bajo,medio,1795,18,radio/TV,1
24,1,calificados,propia,bajo,bajo,4272,20,mobiliario,1
35,0,calificados,propia,NA,NA,976,12,radio/TV,1
24,1,no_calificados_no_residentes,rentada,NA,medio,7472,12,automotriz,1
24,0,calificados,propia,bajo,bajo,9271,36,automotriz,0
26,0,no_calificados_residentes,propia,bajo,medio,590,6,radio/TV,1
65,0,calificados,propia,NA,NA,930,12,radio/TV,1
55,0,altamente_calificados,familiar,bajo,medio,9283,42,automotriz,1
26,1,no_calificados_no_residentes,rentada,bajo,medio,1778,15,automotriz,0
26,0,calificados,propia,bajo,medio,907,8,trabajo,1
28,0,no_calificados_residentes,propia,bajo,medio,484,6,radio/TV,1
24,0,calificados,propia,bajo,bajo,9629,36,automotriz,0
54,0,calificados,propia,bajo,bajo,3051,48,uso_domestico,0
46,0,calificados,familiar,bajo,bajo,3931,48,automotriz,0
54,1,calificados,rentada,bajo,medio,7432,36,automotriz,1
62,0,calificados,propia,muy_alto,NA,1338,6,uso_domestico,1
24,1,calificados,rentada,bajo,NA,1554,6,radio/TV,1
43,0,altamente_calificados,propia,bajo,bajo,15857,36,vacaciones,1
26,0,calificados,propia,bajo,bajo,1345,18,radio/TV,0
27,0,calificados,propia,bajo,NA,1101,12,automotriz,1
24,0,calificados,propia,bajo,alto,3016,12,radio/TV,1
41,0,calificados,propia,bajo,bajo,2712,36,mobiliario,0
47,0,no_calificados_residentes,propia,bajo,bajo,731,8,automotriz,1
35,0,altamente_calificados,propia,bajo,NA,3780,18,mobiliario,1
30,0,calificados,propia,bajo,bajo,1602,21,automotriz,1
33,1,calificados,rentada,bajo,bajo,3966,18,automotriz,0
36,0,calificados,propia,bajo,NA,4165,18,trabajo,0
47,0,calificados,familiar,NA,bajo,8335,36,automotriz,0
38,0,calificados,familiar,NA,medio,6681,48,trabajo,1
44,0,calificados,propia,muy_alto,NA,2375,24,trabajo,1
23,1,calificados,rentada,bajo,bajo,1216,18,automotriz,0
29,0,calificados,rentada,bajo,bajo,11816,45,trabajo,0
42,1,calificados,propia,NA,medio,5084,24,radio/TV,1
25,1,no_calificados_residentes,propia,bajo,alto,2327,15,radio/TV,0
48,0,calificados,propia,bajo,bajo,1082,12,automotriz,0
21,1,calificados,propia,NA,NA,886,12,radio/TV,1
23,1,no_calificados_residentes,rentada,bajo,NA,601,4,mobiliario,1
63,0,calificados,propia,bajo,bajo,2957,24,automotriz,1
46,0,calificados,propia,bajo,NA,2611,24,radio/TV,1
29,0,calificados,propia,bajo,bajo,5179,36,mobiliario,0
28,0,no_calificados_residentes,propia,bajo,NA,2993,21,automotriz,1
23,1,calificados,propia,bajo,NA,1943,18,reparaciones,0
50,0,calificados,propia,bajo,NA,1559,24,trabajo,1
47,0,calificados,propia,bajo,NA,3422,18,mobiliario,1
35,0,calificados,propia,NA,medio,3976,21,mobiliario,1
68,0,calificados,rentada,NA,NA,6761,18,automotriz,0
28,0,calificados,propia,bajo,NA,1249,24,automotriz,1
59,0,calificados,propia,bajo,bajo,1364,9,radio/TV,1
57,0,no_calificados_residentes,propia,bajo,bajo,709,12,radio/TV,0
33,0,calificados,rentada,bajo,bajo,2235,20,automotriz,0
43,0,calificados,propia,NA,NA,4042,24,automotriz,1
35,0,calificados,familiar,bajo,NA,1471,15,radio/TV,1
32,0,no_calificados_residentes,familiar,bajo,bajo,1442,18,automotriz,0
45,0,calificados,propia,bajo,NA,10875,36,automotriz,1
33,0,calificados,propia,intermedio,NA,1474,24,automotriz,1
40,1,calificados,propia,NA,NA,894,10,educacion,1
28,0,calificados,familiar,bajo,NA,3343,15,mobiliario,1
29,1,calificados,propia,bajo,bajo,3959,15,automotriz,0
26,0,calificados,rentada,intermedio,NA,3577,9,automotriz,1
27,0,calificados,propia,alto,NA,5804,24,automotriz,1
28,0,calificados,propia,bajo,NA,2169,18,trabajo,0
35,1,calificados,propia,bajo,bajo,2439,24,radio/TV,0
32,0,no_calificados_residentes,propia,alto,NA,4526,27,mobiliario,1
25,0,no_calificados_residentes,rentada,bajo,NA,2210,10,mobiliario,0
20,1,calificados,rentada,muy_alto,NA,2221,15,mobiliario,1
27,1,calificados,propia,bajo,bajo,2389,18,radio/TV,1
42,0,calificados,propia,bajo,NA,3331,12,mobiliario,1
37,0,calificados,propia,NA,NA,7409,36,trabajo,1
24,1,calificados,rentada,bajo,bajo,652,12,mobiliario,1
40,1,calificados,propia,muy_alto,NA,7678,36,mobiliario,1
46,0,calificados,propia,bajo,alto,1343,6,automotriz,1
26,0,calificados,propia,intermedio,bajo,1382,24,trabajo,1
24,1,calificados,propia,NA,NA,874,15,uso_domestico,1
29,0,no_calificados_residentes,propia,bajo,bajo,3590,12,mobiliario,1
40,1,calificados,propia,alto,medio,1322,11,automotriz,1
36,0,altamente_calificados,familiar,bajo,bajo,1940,18,radio/TV,1
28,0,calificados,propia,bajo,NA,3595,36,radio/TV,1
27,0,altamente_calificados,familiar,bajo,bajo,1422,9,automotriz,0
36,0,calificados,propia,NA,NA,6742,30,radio/TV,1
38,0,altamente_calificados,propia,bajo,NA,7814,24,automotriz,1
48,0,calificados,familiar,NA,NA,9277,24,automotriz,1
36,0,calificados,propia,NA,medio,2181,30,automotriz,1
65,1,no_calificados_no_residentes,propia,bajo,NA,1098,18,radio/TV,1
43,0,calificados,propia,bajo,medio,4057,24,mobiliario,0
53,1,calificados,propia,bajo,bajo,795,12,educacion,0
34,0,calificados,propia,NA,medio,2825,24,trabajo,1
23,0,calificados,propia,bajo,medio,15672,48,trabajo,0
34,0,altamente_calificados,propia,bajo,NA,6614,36,automotriz,1
40,0,calificados,rentada,NA,NA,7824,28,automotriz,1
43,0,altamente_calificados,propia,bajo,bajo,2442,27,trabajo,1
46,0,calificados,propia,bajo,NA,1829,15,radio/TV,1
38,0,no_calificados_residentes,propia,bajo,bajo,2171,12,automotriz,1
34,0,calificados,propia,bajo,medio,5800,36,automotriz,1
29,0,calificados,propia,NA,NA,1169,18,radio/TV,1
31,0,altamente_calificados,propia,NA,NA,8947,36,automotriz,1
28,1,altamente_calificados,rentada,bajo,bajo,2606,21,radio/TV,1
35,1,calificados,propia,alto,NA,1592,12,mobiliario,1
33,1,no_calificados_residentes,rentada,NA,NA,2186,15,mobiliario,1
42,0,calificados,propia,bajo,bajo,4153,18,mobiliario,0
43,0,calificados,rentada,bajo,bajo,2625,16,automotriz,0
44,0,calificados,propia,NA,NA,3485,20,automotriz,1
42,0,calificados,familiar,NA,NA,10477,36,automotriz,1
40,0,calificados,rentada,NA,NA,1386,15,radio/TV,1
36,0,altamente_calificados,propia,bajo,NA,1278,24,radio/TV,1
20,0,altamente_calificados,rentada,bajo,bajo,1107,12,radio/TV,1
24,0,no_calificados_residentes,propia,NA,bajo,3763,21,automotriz,1
27,0,calificados,propia,NA,medio,3711,36,educacion,1
46,1,no_calificados_residentes,propia,bajo,NA,3594,15,automotriz,1
33,1,no_calificados_residentes,propia,NA,medio,3195,9,automotriz,1
34,1,calificados,propia,bajo,NA,4454,36,radio/TV,1
25,1,no_calificados_residentes,propia,bajo,medio,4736,24,mobiliario,0
25,1,calificados,propia,NA,medio,2991,30,radio/TV,1
28,0,calificados,propia,alto,NA,2142,11,trabajo,1
31,0,calificados,rentada,bajo,bajo,3161,24,trabajo,0
32,1,altamente_calificados,propia,bajo,medio,18424,48,vacaciones,0
32,0,calificados,propia,intermedio,NA,2848,10,automotriz,1
68,0,altamente_calificados,propia,bajo,bajo,14896,6,automotriz,0
33,0,calificados,propia,intermedio,bajo,2359,24,mobiliario,0
39,0,altamente_calificados,rentada,bajo,bajo,3345,24,mobiliario,0
28,1,calificados,propia,bajo,NA,1817,18,mobiliario,1
37,0,altamente_calificados,propia,muy_alto,NA,12749,48,radio/TV,1
22,1,calificados,rentada,bajo,bajo,1366,9,radio/TV,0
30,0,calificados,rentada,bajo,medio,2002,12,automotriz,1
55,0,calificados,propia,bajo,bajo,6872,24,mobiliario,0
46,0,calificados,propia,bajo,bajo,697,12,automotriz,0
21,1,calificados,rentada,bajo,bajo,1049,18,mobiliario,1
39,0,calificados,familiar,bajo,bajo,10297,48,automotriz,0
58,0,calificados,propia,NA,NA,1867,30,radio/TV,1
43,0,no_calificados_residentes,propia,bajo,bajo,1344,12,automotriz,1
24,0,no_calificados_residentes,propia,bajo,bajo,1747,24,mobiliario,1
22,1,calificados,propia,bajo,medio,1670,9,radio/TV,0
30,0,calificados,propia,bajo,NA,1224,9,automotriz,1
42,0,calificados,propia,muy_alto,NA,522,12,radio/TV,1
23,1,calificados,propia,bajo,bajo,1498,12,radio/TV,1
30,0,altamente_calificados,propia,intermedio,medio,1919,30,radio/TV,0
28,1,no_calificados_residentes,propia,bajo,alto,745,9,radio/TV,0
30,0,altamente_calificados,rentada,bajo,medio,2063,6,radio/TV,1
42,0,calificados,familiar,bajo,medio,6288,60,educacion,0
46,0,altamente_calificados,propia,NA,NA,6842,24,automotriz,1
45,0,altamente_calificados,propia,NA,NA,3527,12,automotriz,1
31,0,no_calificados_residentes,propia,bajo,NA,1546,10,automotriz,1
31,0,calificados,propia,NA,NA,929,24,mobiliario,1
42,0,no_calificados_residentes,propia,bajo,NA,1455,4,automotriz,1
46,1,calificados,rentada,bajo,bajo,1845,15,mobiliario,1
30,1,calificados,propia,muy_alto,medio,8358,48,automotriz,1
30,0,calificados,familiar,muy_alto,bajo,3349,24,mobiliario,0
38,0,altamente_calificados,propia,NA,NA,2859,12,automotriz,1
43,0,no_calificados_residentes,propia,bajo,NA,1533,18,mobiliario,0
31,0,calificados,propia,intermedio,NA,3621,24,radio/TV,0
40,0,no_calificados_no_residentes,propia,bajo,medio,3590,18,trabajo,1
24,0,calificados,propia,bajo,bajo,2145,36,trabajo,0
28,1,calificados,rentada,muy_alto,medio,4113,24,automotriz,0
26,1,altamente_calificados,propia,bajo,NA,10974,36,mobiliario,0
29,1,calificados,propia,bajo,bajo,1893,12,automotriz,1
57,1,altamente_calificados,rentada,alto,bajo,1231,24,radio/TV,1
49,0,no_calificados_residentes,propia,NA,alto,3656,30,radio/TV,1
37,0,no_calificados_residentes,propia,bajo,medio,1154,9,radio/TV,1
45,0,no_calificados_residentes,propia,bajo,bajo,4006,28,automotriz,0
30,0,calificados,familiar,intermedio,medio,3069,24,mobiliario,1
30,0,calificados,rentada,bajo,NA,1740,6,radio/TV,1
47,0,calificados,propia,bajo,medio,2353,21,automotriz,1
29,0,calificados,propia,NA,NA,3556,15,automotriz,1
35,0,calificados,propia,muy_alto,NA,2397,24,radio/TV,0
22,0,no_calificados_residentes,propia,bajo,medio,454,6,reparaciones,1
26,1,calificados,propia,NA,medio,1715,30,radio/TV,1
23,0,no_calificados_residentes,propia,muy_alto,medio,2520,27,radio/TV,0
54,1,altamente_calificados,rentada,bajo,NA,3568,15,radio/TV,1
29,0,calificados,rentada,NA,NA,7166,42,radio/TV,1
40,0,no_calificados_residentes,propia,bajo,bajo,3939,11,automotriz,1
22,0,calificados,propia,intermedio,medio,1514,15,reparaciones,1
43,0,no_calificados_residentes,propia,bajo,NA,7393,24,automotriz,1
29,1,no_calificados_no_residentes,rentada,bajo,bajo,1193,24,automotriz,0
36,0,calificados,rentada,bajo,bajo,7297,60,trabajo,0
33,1,calificados,propia,bajo,NA,2831,30,radio/TV,1
57,1,no_calificados_residentes,propia,muy_alto,alto,1258,24,radio/TV,1
64,1,calificados,propia,bajo,medio,753,6,radio/TV,1
42,0,calificados,propia,NA,medio,2427,18,trabajo,1
47,0,no_calificados_residentes,propia,bajo,NA,2538,24,automotriz,0
25,0,calificados,rentada,intermedio,medio,1264,15,automotriz,0
49,0,calificados,propia,bajo,medio,8386,30,mobiliario,0
33,0,altamente_calificados,rentada,bajo,NA,4844,48,trabajo,0
28,1,altamente_calificados,propia,intermedio,alto,2923,21,automotriz,1
26,0,calificados,propia,bajo,bajo,8229,36,automotriz,0
30,0,no_calificados_residentes,propia,bajo,NA,2028,24,mobiliario,1
25,1,calificados,rentada,bajo,bajo,1433,15,mobiliario,1
33,0,calificados,propia,bajo,alto,6289,42,trabajo,1
64,1,calificados,propia,intermedio,NA,1409,13,radio/TV,1
29,0,altamente_calificados,familiar,bajo,bajo,6579,24,automotriz,1
48,0,no_calificados_residentes,propia,bajo,medio,1743,24,radio/TV,1
37,0,no_calificados_residentes,propia,NA,NA,3565,12,educacion,1
34,0,no_calificados_residentes,propia,intermedio,NA,1569,15,radio/TV,1
23,0,no_calificados_residentes,rentada,NA,bajo,1936,18,radio/TV,1
30,0,altamente_calificados,propia,bajo,bajo,3959,36,mobiliario,1
50,0,calificados,propia,NA,NA,2390,12,automotriz,1
31,1,no_calificados_residentes,propia,bajo,NA,1736,12,mobiliario,1
40,0,altamente_calificados,propia,bajo,bajo,3857,30,automotriz,1
38,0,calificados,propia,bajo,NA,804,12,radio/TV,1
23,0,calificados,familiar,bajo,bajo,1845,45,radio/TV,0
27,0,calificados,propia,intermedio,medio,4576,45,automotriz,1
